Acura RLX, acura_rlx.jpg, sedan, 31
Acura TLX, acura_tlx.jpg, sedan, 35
Audi A3, audi_a3.jpg, sedan, 37
Audi A5, audi_a5.jpg, sedan, 42
BMW 440, bmw_440.jpg, sedan, 33
BMW 750, bmw_750.jpg, sedan, 55
BMW M5, bmw_m5.jpg, sedan, 53
Cadillac CT5, cadillac_ct5.jpg, sedan, 42
Cadillac CT6, cadillac_ct6.jpg, sedan, 41
Cehvrolet Impala, chevrolet_impala.jpg, sedan, 29
Chevrolet Malibu, chevrolet_malibu.jpg, sedan, 23
Ford Fusion, ford_fusion.jpg, sedan, 19
Honda Accord, honda_accord.jpg, sedan, 25
Honda Civic, honda_civic.jpg, sedan, 17
Honda Insight, honda_insight.jpg, sedan, 21
Hyundai Elantra, hyundai_elantra.jpg, sedan, 18
Jaguar XE, jaguer_xe.jpg, sedan, 45
Jaguar XF, jaguar_xf.jpg, sedan, 51
Kia Optima, kia_optima.jpg, sedan, 22
Lincoln MKZ, lincoln_mkz.jpg, sedan, 42
Maserati Ghilbi, maserati_ghilbi.jpg, sedan, 55
Mazda 6, mazda_6.jpg, sedan, 23
Mercedes-Benz C-Class, mercedes_benz_c.jpg, sedan, 31
Mercedes-Benz E-Class, mercedes_benz_e.jpg, sedan, 42
Mercedes-Benz S-Class, mercedes_benz_s.jpg, sedan, 55
Nissan Altima, nissan_altima.jpg, sedan, 22
Nissan Maxima, nissan_maxima.jpg, sedan, 26
Nissan Versa, nissan_versa.jpg, sedan, 18
Toyota Avalon, toyota_avalon.jpg, sedan, 19
Toyota Camry, toyota_camry.jpg, sedan, 23
Toyota Corolla, toyota_corolla.jpg, sedan, 17
Volvo S60, volvo_s60.jpg, sedan, 24
Volvo S90, volvo_s90.jpg, sedan, 28