Acura MDX, acura_mdx.jpg, suv, 41
Audi Q3 Quattro Sport, audi_q3.jpg, suv, 45
Chevrolet Captiva, chevrolet_captiva.jpg, suv, 37
Chevrolet Suburban, chevrolet_suburban.jpg, suv, 44
Dodge Durango, dodge_durango.jpg, suv, 38
Ford Escape, ford_escape.jpg, suv, 39
Ford Explorer, ford_explorer.jpg, suv, 42
Honda HR-V, honda_hr-v.jpg, suv, 31
Honda Pilot, honda_pilot.jpg, suv, 36
Jeep Grand Cherokee, jeep_grand_cherokee.jpg, suv, 41
Kia Sorento, kia_sorento.jpg, suv, 35
Kia Sportage, kia_sportage.jpg, suv, 39
Lexus RX, lexus_rx.jpg, suv, 42
Nissan Patrol, nissan_patrol.jpg, suv, 39
Nissan Rougue, nissan_rogue.jpg, suv, 32
Mazda CX-5, mazda_cx5.jpg, suv, 31
Mazda CX-9, mazda_cx9.jpg, suv, 39
Mitsubishi Pajero, mitsubishi_pajero.jpg, suv, 38
Porsche Cayenne, porsche_cayenne.jpg, suv, 57
Subaru Outback, subaru_outback.jpg, suv, 33 
Toyota Highlander, toyota_highlander.jpg, suv, 42